{"cameraMode":{"drawMode":0,"name":"Shaded","section":"Shading Mode"},"sceneLighting":false,"audioPlay":false,"sceneViewState":{"showFog":true,"showMaterialUpdate":false,"showSkybox":false,"showFlares":true,"showImageEffects":true,"showParticleSystems":true,"showVisualEffectGraphs":true,"m_FxEnabled":true},"in2DMode":false,"pivot":{"x":0.0774688869714737,"y":0.015300627797842026,"z":-0.11314935982227326},"rotation":{"x":-0.27820488810539248,"y":0.5176439881324768,"z":-0.18270795047283173,"w":-0.7882047891616821},"size":0.0070681339129805569,"orthographic":false}